Key,Id,English(en),German(de),French(fr),Spanish(es),Chinese (Simplified)(zh-Hans),Russian(ru),Japanese(ja),Portuguese (Brazil)(pt-BR)
ancile_N,1.22533E+11,Ancile Shield,Ancile-Schild,Bouclier ancile,Escudo antiguo,安琪儿盾牌,Щит Ансиля,アンシル・シールド,Escudo Ancile
ancile_D,5.44517E+12,The true sacred shield of the twelve. On <color=#00e4ff>juggle</color> provides a {chance}% chance to spawn a <color=#00e4ff>shield guard</color>.,"Der wahre heilige Schild der Zwölf. Auf <color=#00e4ff>juggle</color> bietet eine{chance}% Chance, einen <color=#00e4ff>Schildwächter</color> zu spawnen.",Le véritable bouclier sacré des douze. Sur <color=#00e4ff>juggle</color> fournit un{chance}% de chances d'engendrer un <color=#00e4ff>shield guard</color>.,El verdadero escudo sagrado de los doce. En <color=#00e4ff>juggle</color> proporciona un{chance}% de probabilidad de generar un <color=#00e4ff>guardia escudo</color>.,十二个人中真正的圣盾。在<color=#00e4ff>juggle</color>上提供了一个{chance}有%的机会产生一个<color=#00e4ff>护盾</color>。,Истинный священный щит двенадцати. На <color=#00e4ff>жонглирование</color> обеспечивает{chance}% шанс породить <color=#00e4ff>щитоносца</color>.,十二人の真の聖なる盾。オン<color=#00e4ff>ジャグル</color>が提供するのは{chance}パーセントの確率で<color=#00e4ff>シールドガード</color>をスポーンさせる。,O verdadeiro escudo sagrado dos doze. Em <color=#00e4ff>juggle</color> fornece um{chance}% de chance de gerar um <color=#00e4ff>guarda-escudo</color>.
brokenPiggyBank_N,5.51002E+12,Broken Piggy Bank,Zerbrochenes Sparschwein,Tirelire cassée,Hucha rota,破损的储蓄罐,Сломанная копилка,壊れた貯金箱,Cofrinho quebrado
brokenPiggyBank_D,5.65949E+12,Least it still looks cute.,Wenigstens sieht es immer noch süß aus.,"Au moins, il est toujours aussi mignon.",Al menos sigue siendo bonito.,至少它看起来仍然很可爱。,"По крайней мере, она все еще выглядит мило.",少なくとも、まだかわいく見えます。,Pelo menos ainda está bonito.
gjallarhorn_N,5.76118E+12,Gjallarhorn,Gjallarhorn,Gjallarhorn,Gjallarhorn,Gjallarhorn,Гьяллархорн,ジャルジャルホルン,Gjallarhorn
gjallarhorn_D,5.90625E+12,Trumpets roar of the vikings. On {requiredCount} <color=#00e4ff>juggles</color> releasing a barrage of projectiles which dealing {damage.amount} damage per hit over {duration} seconds.,"Trompetengebrüll der Wikinger. Auf{requiredCount} <color=#00e4ff>jongliert</color> und lässt eine Flut von Geschossen los, die{damage.amount} Schaden pro Treffer über{duration} Sekunden.",Le rugissement des trompettes des vikings. Sur{requiredCount} <color=#00e4ff>jongle</color> libérant un barrage de projectiles qui infligent des dégâts de{damage.amount} dégâts par coup sur{duration} secondes.,Rugido de trompetas de los vikingos. En{requiredCount} <color=#00e4ff>juggles</color> soltando una andanada de proyectiles que infligen{damage.amount} daño por impacto sobre{duration} segundos.,维京人的号角吼叫。在{requiredCount}<color=#00e4ff>杂耍</color>释放出一连串的投射物，这些投射物会对人体造成伤害。{damage.amount}每一击的伤害超过{duration}秒。,"Трубный рев викингов. На сайте{requiredCount} <color=#00e4ff>жонглирует</color>, выпуская шквал снарядов, которые наносят{damage.amount} урон за попадание более{duration} секунды.",ヴァイキングのトランペット咆哮。オン{requiredCount}<color=#00e4ff>ジャグリング</color>の弾丸を放ち、その弾丸で攻撃する。{damage.amount}を超えるヒット数でダメージを与える。{duration}の秒数です。,Rugido das trombetas dos vikings. Em{requiredCount} <color=#00e4ff>juggles</color> liberando uma barragem de projéteis que causam{damage.amount} dano por acerto acima de{duration} segundos.
grimrArrow_N,5.9917E+12,Grimr's Arrow,Grimrs Pfeil,Flèche de Grimr,Flecha de Grimr,格里姆尔之箭,Стрела Гримра,グリムルアロー,Flecha de Grimr
grimrArrow_D,6.07137E+12,"An arrow gifted to his son.  Passive increase to {baseAtkSpeed}% <color=#00e4ff>attack speed</color>, {basePlayerStats.critChance}% critical chance, and {basePlayerStats.luck} luck.","Ein Pfeil als Geschenk für seinen Sohn.  Passive Erhöhung auf{baseAtkSpeed}% <color=#00e4ff>Angriffsgeschwindigkeit</color>,{basePlayerStats.critChance}% kritische Chance, und{basePlayerStats.luck} Glück.","Une flèche offerte à son fils.  Augmentation passive à{baseAtkSpeed}% <color=#00e4ff>vitesse d'attaque</color>,{basePlayerStats.critChance}% de chance critique, et{basePlayerStats.luck} chance.","Una flecha regalada a su hijo.  Aumento pasivo a{baseAtkSpeed}% <color=#00e4ff>velocidad de ataque</color>,{basePlayerStats.critChance}% de probabilidad crítica, y{basePlayerStats.luck} suerte.",赠予儿子的箭。  被动增加到{baseAtkSpeed}% <color=#00e4ff>攻击速度</color>、{basePlayerStats.critChance}%的关键机会，以及{basePlayerStats.luck}运气好。,"Стрела, подаренная сыну.  Пассивное увеличение до{baseAtkSpeed}% <color=#00e4ff>скорость атаки</color>,{basePlayerStats.critChance}% критического шанса, и{basePlayerStats.luck} удача.",息子に贈られた矢。  へのパッシブアップ{baseAtkSpeed}% <color=#00e4ff>攻撃速度</color>、{basePlayerStats.critChance}% クリティカルチャンスであり{basePlayerStats.luck}の運びとなります。,"Uma flecha presenteada a seu filho.  Aumento passivo para{baseAtkSpeed}% <color=#00e4ff>velocidade de ataque</color>,{basePlayerStats.critChance}% de chance crítica, e{basePlayerStats.luck} sorte."
holyWater_N,6.42906E+12,Holy Water,Weihwasser,Eau bénite,Agua bendita,圣水,Святая вода,ホーリーウォーター,Água benta
holyWater_D,6.71158E+12,Burn demons on hit chance.,Dämonen bei Trefferchance verbrennen.,Brûle les démons sur les chances de toucher.,Quema demonios al golpear.,燃烧恶魔的命中率。,Сжигание демонов при попадании в цель.,命中確率で悪魔を燃やす。,Queima demônios na chance de acerto.
mineralOil_N,6.97048E+12,Mineral Oil,Mineralöl,Huile minérale,Aceite mineral,矿物油,Минеральное масло,ミネラルオイル,Óleo mineral
mineralOil_D,7.06344E+12,An oil to hasten one's weapons.  Passive increase to {baseAtkSpeed}% <color=#00e4ff>attack speed</color>.,Ein Öl zur Beschleunigung der Waffen.  Passive Erhöhung auf{baseAtkSpeed}% <color=#00e4ff>Angriffsgeschwindigkeit</color>.,Une huile pour accélérer les armes.  Augmentation passive de{baseAtkSpeed}% <color=#00e4ff>vitesse d'attaque</color>.,Un aceite para acelerar las armas.  Aumento pasivo a{baseAtkSpeed}% <color=#00e4ff>velocidad de ataque</color>.,催动武器的油。  被动增加到{baseAtkSpeed}% <color=#00e4ff>攻击速度</color>。,Масло для ускорения оружия.  Пассивное увеличение{baseAtkSpeed}% <color=#00e4ff>скорость атаки</color>.,武器を早めるためのオイル。  をパッシブで増やす{baseAtkSpeed}% <color=#00e4ff>攻撃速度</color>.,Um óleo para apressar as armas.  Aumento passivo de{baseAtkSpeed}% <color=#00e4ff>velocidade de ataque</color>.
piggyBank_N,7.22391E+12,Piggy Bank,Sparschwein,Tirelire,Hucha,小猪银行,Копилка,ピギーバンク,Cofrinho
piggyBank_D,7.28165E+12,A child's cute piggy bank.  Double your motes of light  till you loose some.,"Ein niedliches Sparschwein für Kinder.  Verdoppeln Sie Ihre Lichtmotive, bis Sie welche verlieren.",Une jolie tirelire pour enfant.  Doublez vos grains de lumière jusqu'à ce que vous en perdiez.,Una simpática hucha para niños.  Duplica tus motas de luz hasta que pierdas alguna.,一个孩子的可爱的储蓄罐。  将你的光斑加倍，直到你失去一些。,"Детская симпатичная копилка.  Удваивайте мотивы света, пока не потеряете несколько.",子どものかわいい貯金箱。  光のモトがなくなるまで、2倍にしてください。,Um cofrinho fofo para crianças.  Dobre seus motes de luz até perder alguns.
pillerOfSalt_N,7.42953E+12,Pillar of Salt,Säule aus Salz,Pilier de sel,Columna de sal,盐之柱,Соляной столб,塩の柱,Pilar de sal
pillerOfSalt_D,7.50633E+12,A reminder to never look back. <color=#00e4ff>Enemy death</color> has a {chance}% chance to shoot out 2 rays of light which deal {damage.amount} damage to every enemy it passes through .,"Eine Mahnung, niemals zurückzuschauen. <color=#00e4ff>Feindlicher Tod</color> hat einen{chance}% Chance, 2 Lichtstrahlen auszusenden, die Folgendes bewirken{damage.amount} Schaden an jedem Feind, den er durchquert.",Un rappel à ne jamais regarder en arrière. <color=#00e4ff>La mort de l'ennemi</color> a une valeur de{chance}% de chances d'émettre 2 rayons de lumière qui infligent{damage.amount} des dégâts à chaque ennemi qu'il traverse.,Un recordatorio para no mirar nunca atrás. <color=#00e4ff>La muerte del enemigo</color> tiene un{chance}de probabilidad de lanzar 2 rayos de luz que infligen{damage.amount} daño a cada enemigo que atraviesa .,提醒大家永远不要回头看。<color=#00e4ff>敌人的死亡</color>有一个{chance}%的几率射出2道光，造成{damage.amount}对它所经过的每个敌人造成伤害。,"Напоминание о том, что никогда нельзя оглядываться назад. <color=#00e4ff>Смерть врага</color> имеет{chance}% шанс выпустить 2 луча света, которые наносят{damage.amount} наносит урон каждому врагу, через которого проходит.",決して振り返ってはいけないという戒め。<color=#00e4ff>敵の死</color>には{chance}2本の光線を放つことができます。{damage.amount}通過するすべての敵にダメージを与える。,Um lembrete para nunca olhar para trás. <color=#00e4ff>A morte do inimigo</color> tem um{chance}% de chance de disparar 2 raios de luz que causam{damage.amount} a cada inimigo que atravessa.
prayerBeads_N,7.58395E+12,Prayer Beads,Gebetsperlen,Perles de prière,Cuentas de oración,祈祷珠,Молитвенные четки,祈祷用ビーズ,Contas de oração
prayerBeads_D,7.64667E+12,Simple prayer beads. {chance}% chance on <color=#00e4ff>juggle</color> to spawn a new ball.,"Einfache Gebetsperlen.{chance}% Chance beim <color=#00e4ff>Jonglieren</color>, einen neuen Ball zu erzeugen.",Perles de prière simples.{chance}% de chances sur <color=#00e4ff>juggle</color> de faire apparaître une nouvelle balle.,Cuentas de oración sencillas.{chance}% de probabilidad en <color=#00e4ff>juggle</color> de generar una nueva bola.,简单的祈祷珠。{chance}在<color=#00e4ff>juggle</color>上有%的机会产生一个新球。,Простые молитвенные четки.{chance}% шанс при <color=#00e4ff>жонглировании</color> породить новый мяч.,シンプルな数珠です。{chance}<color=#00e4ff>juggle</color>のとき、%確率で新しいボールを生成する。,Contas de oração simples.{chance}% de chance em <color=#00e4ff>juggle</color> de gerar uma nova bola.
totemOfSmite_N,7.79514E+12,Totem of Smite.  ,Totem von Smite.  ,Totem de Smite.  ,Tótem de Smite.  ,斯密特的图腾。  ,Тотем поражения.  ,スマイトのトーテム。  ,Totem de Smite.  
totemOfSmite_D,7.83523E+12,"A small memento of faith. Passive increase to {baseDamage}% damage boost, {basePlayerStats.critChance}% critical chance, and {basePlayerStats.nimbusesDamageBoost} disk damage.","Ein kleines Erinnerungsstück an den Glauben. Passive Erhöhung auf{baseDamage}Schadenserhöhung in %,{basePlayerStats.critChance}% kritische Chance, und{basePlayerStats.nimbusesDamageBoost} Bandscheibenschäden.","Un petit souvenir de foi. Augmentation passive à{baseDamage}Augmentation des dégâts en %,{basePlayerStats.critChance}% de chance critique, et{basePlayerStats.nimbusesDamageBoost} endommagement du disque.","Un pequeño recuerdo de fe. Aumento pasivo a{baseDamage}% de aumento de daño,{basePlayerStats.critChance}% de probabilidad crítica, y{basePlayerStats.nimbusesDamageBoost} daños en el disco.",信仰的小纪念品。被动增加到{baseDamage}伤害提升%、{basePlayerStats.critChance}%的关键机会，以及{basePlayerStats.nimbusesDamageBoost}磁盘损坏。,"Маленький сувенир веры. Пассивное увеличение до{baseDamage}Увеличение урона на %,{basePlayerStats.critChance}% критического шанса, и{basePlayerStats.nimbusesDamageBoost} повреждение диска.",信仰の小さな記念品。にパッシブアップ。{baseDamage}ダメージが%アップする、{basePlayerStats.critChance}% クリティカルチャンスであり{basePlayerStats.nimbusesDamageBoost}ディスクの損傷。,"Uma pequena lembrança de fé. Aumento passivo para{baseDamage}% de aumento de dano,{basePlayerStats.critChance}% de chance crítica, e{basePlayerStats.nimbusesDamageBoost} danos ao disco."
YorimasaHeartPeice_N,1.8763E+13,Yorimasa Heart Peice,Yorimasa Herzstück,Pièce de cœur de Yorimasa,Yorimasa Pieza Corazón,赖政的心形碎片,Ёримаса Кусочек сердца,頼政ハートピース,Yorimasa Heart Peice
YorimasaHeartPeice_D,1.88019E+13,"A peice of the dragon slayer's heart.  On wave completion if no disks have been lost, and there are {requiredCount} or more active disks gain 1 additional max hit point and destroy all active disks.","Ein Stück vom Herzen des Drachentöters.  Bei Abschluss der Welle, wenn keine Disketten verloren gegangen sind, und wenn es{requiredCount} oder mehr aktive Scheiben erhalten 1 zusätzlichen maximalen Trefferpunkt und zerstören alle aktiven Scheiben.","Un morceau du cœur du tueur de dragons.  À la fin de la vague, si aucune disquette n'a été perdue et qu'il y a{requiredCount} ou plus gagnent 1 point de vie supplémentaire et détruisent tous les disques actifs.",Un trozo del corazón del matadragones.  Al completar la ola si no se han perdido discos y hay{requiredCount} o más discos activos ganan 1 punto de golpe máximo adicional y destruyen todos los discos activos.,一块屠龙者的心脏。  在波浪完成时，如果没有磁盘丢失，并且有{requiredCount}或更多的活动盘获得1个额外的最大命中点并摧毁所有活动盘。,"Кусочек сердца истребителя драконов.  При завершении волны, если ни один диск не был потерян, и есть{requiredCount} или более активных дисков получают 1 дополнительное максимальное хит-пойнт и уничтожают все активные диски.",ドラゴンスレイヤーの心臓のかけら。  ディスクのロストがなく、波動補完で{requiredCount}以上のアクティブディスクはさらに最大ヒットポイントを1つ獲得し、すべてのアクティブディスクを破壊する。,"Um pedaço do coração do matador de dragões.  Na conclusão da onda, se nenhum disco tiver sido perdido e houver{requiredCount} ou mais discos ativos ganham 1 ponto de vida máximo adicional e destroem todos os discos ativos."
ThreadOfFirmament_N,1.97069E+13,Thread of Firmament,Gewinde des Firmaments,Fil du Firmament,Hilo de Firmamento,苍穹之线,Нить тверди,ファームメントの糸,Fio do Firmamento
ThreadOfFirmament_D,1.97313E+13,A spool of thread weaved with angelic fibers. Passive increase to {basePlayerStats.luck} luck.,"Eine Fadenspule, die mit Engelsfasern gewebt ist. Passive Erhöhung auf{basePlayerStats.luck} Glück.",Une bobine de fil tissé avec des fibres angéliques. Augmentation passive de{basePlayerStats.luck} chance.,Una bobina de hilo tejida con fibras angelicales. Aumento pasivo a{basePlayerStats.luck} suerte.,用天使的纤维织成的线轴。被动增加到{basePlayerStats.luck}运气好。,"Катушка ниток, сплетенных из ангельских волокон. Пассивное увеличение до{basePlayerStats.luck} удача.",天使の繊維で編まれた糸のスプール。をパッシブで増やす{basePlayerStats.luck}の運びとなります。,Um carretel de linha tecida com fibras angelicais. Aumento passivo para{basePlayerStats.luck} sorte.
BitumenCharm_N,2.04842E+13,Bitumen Charm,Bitumen Charm,Bitume Charm,Encanto de betún,沥青的魅力,Битумное очарование,ビチューメンチャーム,Charme do betume
BitumenCharm_D,2.05112E+13,A bauble made of Bitumen. Passive increase to {basePlayerStats.luck} luck and {basePlayerStats.dodge} dodge.,Eine Kugel aus Bitumen. Passive Erhöhung auf{basePlayerStats.luck} Glück und{basePlayerStats.dodge} ausweichen.,Une babiole en bitume. Augmentation passive de{basePlayerStats.luck} la chance et{basePlayerStats.dodge} esquive.,Un adorno hecho de betún. Aumento pasivo a{basePlayerStats.luck} suerte y{basePlayerStats.dodge} Esquiva.,一个由沥青制成的小饰品。被动增加到{basePlayerStats.luck}运气和{basePlayerStats.dodge}躲避。,"Безделушка, сделанная из битума. Пассивное увеличение{basePlayerStats.luck} удача и{basePlayerStats.dodge} уклоняться.",Bitumenで作られたボーブル。をパッシブで増やす。{basePlayerStats.luck}運と{basePlayerStats.dodge}をかわす。,Uma bugiganga feita de betume. Aumento passivo para{basePlayerStats.luck} sorte e{basePlayerStats.dodge} esquiva.
SoilOfNisur_N,2.15979E+13,Soil of Nisur. ,Boden von Nisur.,Sol de Nisur.,Suelo de Nisur.,尼苏尔的土壤。,Почва Нисура.,ニスールの土。,Solo de Nisur.
SoilOfNisur_D,2.16451E+13,Early soil untouched by water. Passive increase to {basePlayerStats.critChance} critical chance and {basePlayerStats.dodge} dodge.,"Frühe Böden, die nicht vom Wasser berührt werden. Passiver Anstieg auf{basePlayerStats.critChance} kritische Chance und{basePlayerStats.dodge} ausweichen.",Sol précoce non touché par l'eau. Augmentation passive de{basePlayerStats.critChance} le hasard critique et{basePlayerStats.dodge} esquive.,Suelo temprano no tocado por el agua. Aumento pasivo a{basePlayerStats.critChance} oportunidad crítica y{basePlayerStats.dodge} Esquiva.,早期土壤未受水的影响。被动增加到{basePlayerStats.critChance}关键机会和{basePlayerStats.dodge}躲避。,"Ранняя почва, не тронутая водой. Пассивное увеличение до{basePlayerStats.critChance} критический шанс и{basePlayerStats.dodge} уклоняться.",水に触れない初期の土。への受動的な増加。{basePlayerStats.critChance}クリティカルチャンスと{basePlayerStats.dodge}をかわす。,Solo inicial não afetado pela água. Aumento passivo para{basePlayerStats.critChance} chance crítica e{basePlayerStats.dodge} esquiva.
DictionnaireInfernal_N,2.33299E+13,Dictionnaire Infernal,Infernalisches Wörterbuch,Dictionnaire Infernal,Diccionario infernal,无间道词典,Инфернальный словарь,インファナル・ディクショナリー,Dicionário Infernal
DictionnaireInfernal_D,2.33654E+13,"The dictionary of demons. Passively gain {basePlayerStats.nimbusesDamageBoost} disk damage, and {basePlayerStats.critChance} critical chance.",Das Wörterbuch der Dämonen. Passiv gewinnen{basePlayerStats.nimbusesDamageBoost} Festplattenschäden und{basePlayerStats.critChance} kritische Chance.,"Le dictionnaire des démons. Gagner passivement{basePlayerStats.nimbusesDamageBoost} endommagement du disque, et{basePlayerStats.critChance} chance critique.","El diccionario de los demonios. Ganar pasivamente{basePlayerStats.nimbusesDamageBoost} daños en el disco, y{basePlayerStats.critChance} oportunidad crítica.",恶魔的字典。被动地获得{basePlayerStats.nimbusesDamageBoost}磁盘损坏，以及{basePlayerStats.critChance}关键的机会。,"Словарь демонов. Пассивно приобретать{basePlayerStats.nimbusesDamageBoost} повреждение диска, и{basePlayerStats.critChance} критический шанс.",鬼門の辞典。受動的に得る{basePlayerStats.nimbusesDamageBoost}ディスクの破損や{basePlayerStats.critChance}クリティカルチャンス,O dicionário de demônios. Ganhar passivamente{basePlayerStats.nimbusesDamageBoost} danos ao disco e{basePlayerStats.critChance} chance crítica.
BookOfEnoch_N,2.38342E+13,Book Of Enoch,Das Buch Henoch,Livre d'Hénoch,Libro de Enoc,以诺书,Книга Еноха,エノク書,Livro de Enoque
BookOfEnoch_D,2.39106E+13,"Sacred text of apocalyptic proportions. Passively gain {basePlayerStats.dodge} dodge, {basePlayerStats.luck} luck, and {basePlayerStats.critChance} critical chance.","Ein heiliger Text von apokalyptischem Ausmaß. Passiv gewinnen{basePlayerStats.dodge} ausweichen,{basePlayerStats.luck} Glück, und{basePlayerStats.critChance} kritische Chance.","Texte sacré aux proportions apocalyptiques. Gagner passivement{basePlayerStats.dodge} esquiver,{basePlayerStats.luck} la chance, et{basePlayerStats.critChance} chance critique.","Texto sagrado de proporciones apocalípticas. Ganar pasivamente{basePlayerStats.dodge} Esquiva,{basePlayerStats.luck} suerte, y{basePlayerStats.critChance} oportunidad crítica.",具有世界末日意义的神圣文本。被动地获得{basePlayerStats.dodge}躲避、{basePlayerStats.luck}运气，以及{basePlayerStats.critChance}关键的机会。,"Священный текст апокалиптического масштаба. Пассивное получение{basePlayerStats.dodge} уклоняться,{basePlayerStats.luck} удача, и{basePlayerStats.critChance} критический шанс.",終末論的な聖典。パッシブゲイン{basePlayerStats.dodge}をかわす、{basePlayerStats.luck}運、そして{basePlayerStats.critChance}クリティカルチャンス,"Texto sagrado de proporções apocalípticas. Ganhar passivamente{basePlayerStats.dodge} esquiva,{basePlayerStats.luck} sorte, e{basePlayerStats.critChance} chance crítica."
NaailsOfTheCenturion_N,3.47503E+13,Nails of the Centurion,Die Nägel des Zenturios,Les ongles du centurion,Los clavos del centurión,百夫长的钉子,Ногти центуриона,百人隊長の爪,Pregos do Centurião
NaailsOfTheCenturion_D,3.50062E+13,Nails from the cross.  {chance}% chance on <color=#00e4ff>weapon hit</color> to splinter nails from your enemy which deal {damage.amount} damage.,"Nägel vom Kreuz.  {chance}% Chance bei <color=#00e4ff>Waffentreffer</color>, dem Gegner Nägel abzusplittern, die eine{damage.amount} Schaden.",Clous de la croix.  {chance}% de chances sur <color=#00e4ff>le coup de l'arme</color> de faire éclater les clous de votre ennemi qui infligent{damage.amount} dommages.,Clavos de la cruz.  {chance}% de probabilidad de <color=#00e4ff>impacto de arma</color> de astillar clavos de tu enemigo que infligen{damage.amount} daños.,钉在十字架上的钉子。  {chance}在<color=#00e4ff>武器击中</color>时，有%的几率从敌人身上劈下钉子，造成{damage.amount}损害。,"Гвозди с креста.  {chance}% шанс при <color=#00e4ff>ударе оружием</color> отколоть от противника гвозди, которые наносят{damage.amount} ущерб.",十字架からのネイル。  {chance}<color=#00e4ff>武器が当たった時、確率で敵の爪を切り裂き、ダメージを与える。{damage.amount}ダメージを与えることができます。,"Pregos da cruz.  {chance}% de chance de, ao <color=#00e4ff>atingir a arma</color>, estilhaçar pregos do seu inimigo que causam{damage.amount} danos."
VileOfIchor_N,3.79075E+14,Vile of Ichor,Das Übel des Ichors,L'infâme de l'ignominie,Vile de Ichor,恶臭,Мерзость ихора,バイル・オブ・イコール,Vileza de Ichor
VileOfIchor_D,3.79146E+14,Demon blood swirls.  Every {requiredCount} <color=#00e4ff>juggles</color> gain {statAtkSpeed}% attack speed for {duration} seconds.,Dämonenblut wirbelt.  Jede{requiredCount} <color=#00e4ff>Juggles</color> gewinnen{statAtkSpeed}% Angriffsgeschwindigkeit für{duration} Sekunden.,Le sang du démon tourbillonne.  Chaque{requiredCount} <color=#00e4ff>jongles</color> gain{statAtkSpeed}% de vitesse d'attaque pour{duration} secondes.,La sangre del demonio se arremolina.  Cada{requiredCount} <color=#00e4ff>juggles</color> gain{statAtkSpeed}% de velocidad de ataque para{duration} segundos.,恶魔的血液在旋转。  每一个{requiredCount}<color=#00e4ff>杂耍</color>收益{statAtkSpeed}％的攻击速度为{duration}秒。,Вихри демонической крови.  Каждый{requiredCount} <color=#00e4ff>жонглеры</color> выигрывают{statAtkSpeed}% скорости атаки для{duration} секунды.,悪魔の血が渦を巻く。  あらゆる{requiredCount}<color=#00e4ff>juggles</color>の獲得。{statAtkSpeed}の攻撃速度が%になる。{duration}の秒数です。,O sangue de demônio gira em redemoinhos.  Cada{requiredCount} <color=#00e4ff>ganho de malabarismos</color>{statAtkSpeed}% de velocidade de ataque para{duration} segundos.
NabonidusCylinder_N,2.18257E+15,Nabonidus Cylinder,Nabonidus-Zylinder,Cylindre de Nabonide,Cilindro de Nabonido,纳波尼杜斯圆柱,Цилиндр Набонида,ナボニドスシリンダー,Cilindro de Nabonido
NabonidusCylinder_D,2.18261E+15,A clay cylinder with inscriptions of a Babylonian king.  5%  increases  to attack speed on juggle.,Ein Tonzylinder mit Inschriften eines babylonischen Königs.  Erhöht die Angriffsgeschwindigkeit beim Jonglieren um 5%.,Cylindre d'argile portant les inscriptions d'un roi babylonien.  Augmentation de 5% de la vitesse d'attaque en jonglant.,Cilindro de arcilla con inscripciones de un rey babilonio.  Aumenta un 5% la velocidad de ataque al hacer malabares.,一个刻有巴比伦国王铭文的粘土圆柱。  变戏法时增加5%的攻击速度。,Глиняный цилиндр с надписями вавилонского царя.  5% увеличение скорости атаки при жонглировании.,バビロニアの王が刻まれた粘土の円筒。  ジャグリング時の攻撃速度が5%上昇する。,Um cilindro de argila com inscrições de um rei da Babilônia.  Aumenta em 5% a velocidade de ataque ao fazer malabarismos.
TitulusCrucisSplinter_N,7.26033E+15,Titulus Crucis Splinter,Titulus Crucis Splitter,Titulus Crucis Splinter,Astilla de Titulus Crucis,提图鲁斯-克鲁斯的碎片,Titulus Crucis Splinter,Titulus Crucis スプリンター,Fragmento do Titulus Crucis
TitulusCrucisSplinter_D,7.26046E+15,A fragment of wood from  the cross.  Every {requiredCount} <color=#00e4ff>juggles</color> shoot a wave of splinters which deal {damage.amount} damage.,"Ein Holzfragment vom Kreuz.  Jede{requiredCount} <color=#00e4ff>Jongleure</color> schießen eine Welle von Splittern ab, die eine{damage.amount} Schaden.",Un fragment de bois de la croix.  Chaque{requiredCount} <color=#00e4ff>jongles</color> tire une vague d'échardes qui infligent{damage.amount} dommages.,Un fragmento de madera de la cruz.  Cada{requiredCount} <color=#00e4ff>juggles</color> dispara una onda de astillas que inflige{damage.amount} daños.,十字架上的一块木头碎片。  每一个{requiredCount}<color=#00e4ff>杂物</color>射出一波碎片，造成{damage.amount}损害。,"Фрагмент дерева с креста.  Каждый{requiredCount} <color=#00e4ff>жонглеры</color> стреляют волной осколков, которые наносят{damage.amount} ущерб.",十字架の木片。  すべての{requiredCount}<color=#00e4ff>juggles</color>は破片の波を放ち、その破片で攻撃する。{damage.amount}ダメージを与えることができます。,Um fragmento de madeira da cruz.  Cada{requiredCount} <color=#00e4ff>juggles</color> disparam uma onda de estilhaços que causam{damage.amount} danos.
AzusaYumiBowstring_N,7.26178E+15,Azusa Yumi Bowstring,Azusa Yumi Bogensehne,Azusa Yumi Bowstring,Cuerda de arco Azusa Yumi,阿苏萨-尤米弓弦,тетива для лука Azusa Yumi,梓弓の弓弦,Corda de arco Azusa Yumi
AzusaYumiBowstring_D,7.26191E+15,Frighten away evil with the twang of this string.  Increase luck by {playerStats.luck}% on each <color=#00e4ff>juggle</color> up to a stack of {maxCount} for the wave.,Verscheuche das Böse mit dem Schwingen dieser Saite.  Erhöhe das Glück durch{playerStats.luck}% auf jedem <color=#00e4ff>Juggle</color> bis zu einem Stapel von{maxCount} für die Welle.,Effrayez le mal avec le son de cette corde.  Augmentez votre chance en{playerStats.luck}% sur chaque <color=#00e4ff>jumeau</color> jusqu'à une pile de{maxCount} pour la vague.,Ahuyenta el mal con el tañido de esta cuerda.  Aumenta la suerte{playerStats.luck}% en cada <color=#00e4ff> malabares</color> hasta una pila de{maxCount} para la ola.,用这根弦的扭动来吓走邪恶。  通过以下方式增加运气{playerStats.luck}%上的每一个<color=#00e4ff>juggle</color>都有一叠的{maxCount}为波。,Отпугните зло звоном этой струны.  Увеличивайте удачу с помощью{playerStats.luck}% на каждом <color=#00e4ff>жонгле</color> до стопки{maxCount} для волны.,この弦の音で邪悪なものを追い払おう。  運気を上げるには{playerStats.luck}のスタックまで、それぞれの<color=#00e4ff>juggle</color>に%表示されます。{maxCount}を波に乗せる。,Afugente o mal com o tilintar dessa corda.  Aumente a sorte com{playerStats.luck}% em cada <color=#00e4ff>juggle</color> até uma pilha de{maxCount} para a onda.
VeilofVeronica_N,7.2707E+15,Veil of Veronica,Der Schleier der Veronika,Voile de Veronica,Velo de Verónica,维罗尼卡的面纱,Вуаль Вероники,ベールオブベロニカ,Véu de Verônica
VeilofVeronica_D,7.27076E+15,A scrap of cloth dripping with wine.  Start each wave with an active <color=#00e4ff>disk guard</color>.,"Ein Stück Stoff, das mit Wein beträufelt ist.  Beginne jede Welle mit einem aktiven <color=#00e4ff>Scheibenwächter</color>.",Un morceau de tissu dégoulinant de vin.  Commencez chaque vague avec un <color=#00e4ff>gardien de disque actif</color>.,Un trozo de tela chorreando vino.  Empieza cada oleada con un <color=#00e4ff>guardia de disco</color> activo.,一块滴着酒的废布。  每一波开始，都有一个活跃的<color=#00e4ff>护盘</color>。,"Клочок ткани, на который капает вино.  Начинайте каждую волну с активным <color=#00e4ff>дисковым стражем</color>.",ワインを滴らせた布切れ。  各ウェーブをアクティブな<color=#00e4ff>ディスクガード</color>で開始する。,Um pedaço de pano pingando vinho.  Comece cada onda com um <color=#00e4ff>guarda-disco</color> ativo.
ToothOfIlet_N,1.72453E+16,Tooth of Ilet,Der Zahn von Ilet,Dent d'Ilet,Diente de Ilet,伊莱特的牙齿,Зуб Илета,アイレットの歯,Dente de Ilet
ToothOfIlet_D,1.72453E+16,An electrically charged tooth. On critical hit rain down a thunder shock to one random enemy dealing {damage.amount} damage.,"Ein elektrisch geladener Zahn. Bei einem kritischen Treffer regnet ein Donnerschlag auf einen zufälligen Gegner nieder, der{damage.amount} Schaden.","Une dent chargée d'électricité. En cas de coup critique, une pluie de tonnerre s'abat sur un ennemi au hasard, lui infligeant des dégâts.{damage.amount} dommages.","Diente cargado eléctricamente. Al golpe crítico, hace caer una descarga de trueno sobre un enemigo aleatorio que inflige{damage.amount} daños.",一个带电的牙齿。在关键时刻对一个随机的敌人降下雷电，造成伤害。{damage.amount}损害。,"Электрически заряженный зуб. При критическом попадании обрушивает на одного случайного противника удар грома, наносящий{damage.amount} ущерб.",電気を帯びた歯。クリティカルヒット時、ランダムな敵1体に雷の衝撃を降らせる。{damage.amount}ダメージを与えることができます。,"Um dente eletricamente carregado. Em caso de acerto crítico, causa um choque de trovão em um inimigo aleatório, causando{damage.amount} danos."
RighteousFlame_N,1.7612E+16,Righteous Flame,Gerechte Flamme,La flamme vertueuse,Llama Justa,正义的火焰,Праведное пламя,正義の炎（Righteous Flame,Chama Justa
RighteousFlame_D,1.76122E+16,An everlasting flame.  Upon <color=#00e4ff>cleanse</color> deal {damage.amount} damage every second to one random  enemy over {duration} seconds.,Eine ewige Flamme.  Nach <color=#00e4ff>Reinigung</color> handeln{damage.amount} Schaden pro Sekunde an einem zufälligen Gegner über{duration} Sekunden.,Une flamme éternelle.  Sur <color=#00e4ff>nettoyage</color> de l'affaire{damage.amount} dégâts toutes les secondes à un ennemi aléatoire sur{duration} secondes.,Una llama eterna.  Al <color=#00e4ff>tratar de limpiar</color>{damage.amount} de daño cada segundo a un enemigo aleatorio sobre{duration} segundos.,一个永恒的火焰。  在<color=#00e4ff>清洁</color>交易时{damage.amount}每秒对一个随机的敌人造成的伤害超过{duration}秒。,Вечное пламя.  После <color=#00e4ff>очищения</color> сделки{damage.amount} урон ежесекундно одному случайному врагу в течение{duration} секунды.,永遠に続く炎。  <color=#00e4ff>クレンジング</color>の契約時に{damage.amount}ランダムな敵1体に毎秒ダメージを与える{duration}の秒数です。,Uma chama eterna.  Após o <color=#00e4ff>trato de limpeza</color>{damage.amount} a cada segundo a um inimigo aleatório ao longo de{duration} segundos.
BurningTwig_N,1.76146E+16,Burning Twig,Brennender Zweig,Brindille brûlante,Ramita ardiente,燃烧的树枝,Горящая веточка,バーニング・ツウィッグ,Galho em chamas
BurningTwig_D,1.76147E+16,It is engulfed in flame but unburnt.   On <color=#00e4ff>disk hit</color> deal 1 damage every second  over  {dotDuration}  seconds.,"Sie ist von Flammen umhüllt, aber nicht verbrannt.   Bei <color=#00e4ff>Scheibentreffern</color> wird jede Sekunde 1 Schaden über{dotDuration}  Sekunden.",Il est englouti dans les flammes mais n'est pas brûlé.   Sur <color=#00e4ff>disque touché</color> infliger 1 dégât toutes les secondes sur{dotDuration}  secondes.,Queda envuelto en llamas pero sin quemarse.   En <color=#00e4ff>golpe de disco</color> inflige 1 de daño cada segundo sobre{dotDuration}  segundos.,它被火焰吞噬，但未被烧毁。   在<color=#00e4ff>盘中击中</color>时，每秒钟造成1次伤害。{dotDuration}  秒。,"Он охвачен пламенем, но не горит.   При <color=#00e4ff>попадании в диск</color> наносит 1 урон каждую секунду.{dotDuration}  секунды.",炎に包まれるが燃えない。   <color=#00e4ff>ディスクヒット</color>時、1秒ごとに1ダメージを与える。{dotDuration}  の秒数です。,"Ele está envolto em chamas, mas não está queimado.   Ao ser atingido pelo <color=#00e4ff>disco</color>, causa 1 de dano a cada segundo{dotDuration}  segundos."
NerTamid_N,1.76158E+16,Ner Tamid,Ner Tamid,Ner Tamid,Ner Tamid,Ner Tamid,Нер Тамид,ネル・タミド,Ner Tamid
NerTamid_D,1.76158E+16,Eternal light burns bright. <color=#00e4ff>On cleanse</color> gain {playerStats.nimbusesDamageBoost} disk damage untill the wave ends.,Ewiges Licht brennt hell. <color=#00e4ff>Bei der Reinigung</color> gewinnen{playerStats.nimbusesDamageBoost} Scheibenschaden bis zum Ende der Welle.,La lumière éternelle brûle. <color=#00e4ff>On cleanse</color> gain{playerStats.nimbusesDamageBoost} les dégâts du disque jusqu'à la fin de la vague.,La luz eterna arde brillante. <color=#00e4ff>En la limpieza</color> ganancia{playerStats.nimbusesDamageBoost} daños en el disco hasta que termine la ola.,永恒的光芒燃烧着。<color=#00e4ff>在清洁的时候</color>收益{playerStats.nimbusesDamageBoost}磁盘损坏，直到浪潮结束。,"Вечный свет горит ярко. <color=#00e4ff>Очищение</color> усиление{playerStats.nimbusesDamageBoost} повреждение диска до тех пор, пока волна не закончится.",永遠の光は明るく燃え上がる。<color=#00e4ff>オンクレンズ</color>ゲイン{playerStats.nimbusesDamageBoost}WAVEが終わるまでディスクダメージを与え続ける。,A luz eterna brilha intensamente. <color=#00e4ff>Ao limpar</color> ganho{playerStats.nimbusesDamageBoost} danos ao disco até que a onda termine.
Ouroboros_N,1.77851E+16,Ouroboros,Ouroboros,Ouroboros,Ouroboros,Ouroboros,Уроборос,ウロボロス,Ouroboros
Ouroboros_D,1.77852E+16,"A bracelet of a serpent eating its tail. Gain {statAtkSpeed}% attack speed, {playerStats.critChance} critical chance,  and {playerStats.nimbusesDamageBoost} disk damage on cleanse for {duration}  seconds at the expense of 1 hp.","Ein Armband mit einer Schlange, die ihren Schwanz frisst. Gewinnen Sie{statAtkSpeed}% Angriffsgeschwindigkeit,{playerStats.critChance} kritische Chance, und{playerStats.nimbusesDamageBoost} Festplattenschäden bei der Reinigung für{duration}  Sekunden auf Kosten von 1 PS.","Un bracelet représentant un serpent mangeant sa queue. Gain{statAtkSpeed}Vitesse d'attaque en %,{playerStats.critChance} la chance critique, et{playerStats.nimbusesDamageBoost} disque endommagé sur le nettoyage pour{duration}  secondes au détriment de 1 hp.","Pulsera de una serpiente comiéndose la cola. Gana{statAtkSpeed}% de velocidad de ataque,{playerStats.critChance} oportunidad crítica, y{playerStats.nimbusesDamageBoost} daños en el disco en limpieza para{duration}  segundos a costa de 1 CV.",一条吃尾巴的蛇的手镯。赚取{statAtkSpeed}攻击速度%、{playerStats.critChance}关键的机会，以及{playerStats.nimbusesDamageBoost}在清洗过程中的磁盘损坏{duration}  秒，但牺牲了1马力。,"Браслет с изображением змеи, поедающей свой хвост. Получить{statAtkSpeed}% скорости атаки,{playerStats.critChance} критический шанс, и{playerStats.nimbusesDamageBoost} повреждение диска при очистке для{duration}  секунд за счет 1 л.с.",大蛇が尻尾を食べるブレスレット。ゲイン{statAtkSpeed}攻撃速度を%にする、{playerStats.critChance}クリティカルチャンス、そして{playerStats.nimbusesDamageBoost}のためのクリーンアップのディスク損傷。{duration}  秒、1馬力を犠牲にする。,"Um bracelete de uma serpente comendo sua cauda. Ganho{statAtkSpeed}% de velocidade de ataque,{playerStats.critChance} chance crítica, e{playerStats.nimbusesDamageBoost} danos ao disco no cleanse para{duration}  segundos à custa de 1 hp."
Behelit_N,1.80054E+16,Behelit,Behelit,Behelit,Behelit,Behelit,Бехелит,ベヘリット,Behelit
Behelit_D,1.80054E+16,Connecting to the beyond. On enemy death gain {playerStats.critChance}% critical chance for that wave.,Verbindung mit dem Jenseits. Auf feindlichen Todesgewinn{playerStats.critChance}% kritische Chance für diese Welle.,Connexion avec l'au-delà. Sur le gain de la mort de l'ennemi{playerStats.critChance}% de chances critiques pour cette vague.,Conexión con el más allá. Sobre la ganancia de la muerte del enemigo{playerStats.critChance}% de probabilidad crítica para esa ola.,连接到外部。关于敌人的死亡收益{playerStats.critChance}该波的关键机会的百分比。,Связь с потусторонним миром. Об обретении вражеской смерти{playerStats.critChance}% критического шанса для этой волны.,あの世に繋ぐ。敵のデスゲインについて{playerStats.critChance}そのウェーブのクリティカル確率を%にする。,Conexão com o além. Sobre o ganho da morte do inimigo{playerStats.critChance}% de chance crítica para essa onda.
JeweledBranch_N,1.86363E+16,Jeweled Branch,Juwelenzweig,Branche ornée de bijoux,Rama enjoyada,宝石枝,Драгоценная ветвь,宝石を散りばめたようなブランチ,Ramo de joias
JeweledBranch_D,1.86364E+16,A branch from a tree which has jewels for leaves.  If no disk is lost during a wave heal to max hp.,"Ein Ast von einem Baum, der Juwelen als Blätter hat.  Wenn während einer Welle keine Scheibe verloren geht, heilt er auf maximale PS.","Une branche d'un arbre dont les feuilles sont des joyaux.  Si aucun disque n'est perdu pendant une vague, soignez-vous jusqu'à ce que vous ayez atteint le maximum de pv.","Una rama de un árbol que tiene joyas por hojas.  Si no se pierde ningún disco durante una oleada, se cura al máximo.",一棵树的树枝，它的叶子有宝石。  如果在一个浪潮中没有失去磁盘，就可以治疗到最大马力。,"Ветка дерева, листья которого состоят из драгоценных камней.  Если во время волны не потерян диск, исцеление до максимального хп.",葉に宝石を持つ樹木の枝。  WAVE中にディスクが失われなかった場合、HPを最大まで回復させる。,"Um galho de uma árvore que tem joias como folhas.  Se nenhum disco for perdido durante uma onda, cure até o máximo de hp."
BoneOfYmir_N,1.86442E+16,Bone Of Ymir,Knochen von Ymir,Os d'Ymir,Hueso de Ymir,伊米尔之骨,Кость Имира,ボーン・オブ・ユミール,Osso de Ymir
BoneOfYmir_D,1.86442E+16,"A bone as hard as stone.  On <color=#00e4ff>disk spawn</color> untill a disk is lost, gain {playerStats.dodge}% dodge for {duration} seconds.","Ein Knochen so hart wie Stein.  Beim <color=#00e4ff>Scheiben-Spawn</color> bis zum Verlust einer Scheibe, Gewinn{playerStats.dodge}% ausweichen für{duration} Sekunden.","Un os aussi dur que la pierre.  Sur <color=#00e4ff>disk spawn</color> jusqu'à ce qu'un disque soit perdu, gagner{playerStats.dodge}% d'esquive pour{duration} secondes.","Un hueso duro como la piedra.  En <color=#00e4ff>disk spawn</color> hasta que se pierde un disco, gana{playerStats.dodge}% esquivar para{duration} segundos.",像石头一样坚硬的骨头。  在<color=#00e4ff>磁盘生成时</color>，直到一个磁盘丢失，获得{playerStats.dodge}躲避百分比为{duration}秒。,"Кость твердая, как камень.  На <color=#00e4ff>дисковом спавне</color>, пока диск не потерян, набирайте{playerStats.dodge}% уклонение для{duration} секунды.",石のように硬い骨。  <color=#00e4ff>ディスクのスポーン</color>で、ディスクが失われるまでは、獲得する。{playerStats.dodge}のための％ダッジ。{duration}の秒数です。,"Um osso tão duro quanto pedra.  Em <color=#00e4ff>disk spawn</color> até que um disco seja perdido, ganhe{playerStats.dodge}% de esquiva para{duration} segundos."
CauldronOfRebirth_N,1.87731E+16,Cauldron Of Rebirth,Kessel der Wiedergeburt,Le chaudron de la renaissance,Caldero del renacimiento,重生的熔炉,Cauldron Of Rebirth,コールドロン オブ リバース,Caldeirão do Renascimento
CauldronOfRebirth_D,1.87732E+16,A bottomless cauldren.  On last heart heal for 3 breaking the cauldren.,Ein bodenloser Cauldren.  Auf dem letzten Herz heilen für 3 brechen die cauldren.,"Un cauldren sans fond.  Au dernier cœur, soignez pour 3 en brisant le cauldren.",Un caldero sin fondo.  En el último corazón cura por 3 rompiendo el cauldren.,一个无底的大锅饭。  在最后的心脏治疗中，3人打破了大锅饭。,Бездонный котёл.  На последнем сердечном исцелении за 3 разрушения котла.,底なし沼のようなコールドレン。  最後のハートで3回復し、コールドレンを壊す。,"Um caldeirão sem fundo.  No último coração, cure-se por 3 quebrando os caldeirões."
CauldronOfRebirthBroken_N,1.87732E+16,Broken Cauldron Of Rebirth,Zerbrochener Kessel der Wiedergeburt,Le chaudron brisé de la renaissance,Caldero roto del renacimiento,破碎的重生之炉,Разбитый котел возрождения,Broken Cauldron Of Rebirth（壊れた大鍋の再生,Caldeirão quebrado do renascimento
CauldronOfRebirthBroken_D,1.87733E+16,A broken cauldren.,Ein gebrochenes Kesselchen.,Un cauldren brisé.,Un caldero roto.,一个残缺的卡德伦。,Сломанный каульдрен.,壊れたコールドレンのことです。,Um cauldren quebrado.
LeviathansHide_N,1.87884E+16,Leviathan's Hide,Leviathans Häutung,Peau de Léviathan,Piel de Leviatán,利维坦之藏,Шкура Левиафана,リヴァイアサンの隠れ家,Pele do Leviatã
LeviathansHide_D,1.87885E+16,An Impenetrable hide suitable for making armor.  Gain 100% dodge till first dodge.,"Ein undurchdringliches Fell, das sich zur Herstellung von Rüstungen eignet.  Erhalte 100% Ausweichen bis zum ersten Ausweichen.",Une peau impénétrable convenant à la fabrication d'armures.  Gagne 100% d'esquive jusqu'à la première esquive.,Una piel impenetrable adecuada para fabricar armaduras.  Gana un 100% de esquiva hasta la primera esquiva.,一张适合制作盔甲的无坚不摧的皮。  获得100%的躲避，直到第一次躲避。,"Непробиваемая шкура, пригодная для изготовления доспехов.  Получает 100% уклонения до первого уклонения.",鎧を作るのに適した不可侵の皮。  最初にかわすまで100%のかわし力を得る.,Um couro impenetrável adequado para a fabricação de armaduras.  Ganha 100% de esquiva até a primeira esquiva.
RootOfSefirot_N,1.87923E+16,Root Of Sefirot,Wurzel der Sefirot,Racine des Sefirot,Raíz de las Sefirot,命运之根,Корень сефирот,セフィロトの根,Raiz das Sefirot
RootOfSefirot_D,1.87924E+16,A root from the tree of life.  {chance}% chance on disk loss to spawn a new disk immediately.,"Eine Wurzel vom Baum des Lebens.  {chance}Prozentuale Chance, dass bei einem Plattenverlust sofort eine neue Platte erzeugt wird.","Une racine de l'arbre de vie.  {chance}% de chances, en cas de perte de disque, de créer immédiatement un nouveau disque.",Una raíz del árbol de la vida.  {chance}% de probabilidad en caso de pérdida de disco de generar un nuevo disco inmediatamente.,来自生命之树的根。  {chance}磁盘丢失时，立即生成新磁盘的几率为%。,Корень с дерева жизни.  {chance}% шанс при потере диска немедленно породить новый диск.,生命の樹の根っこ。  {chance}ディスク喪失時に % の確率で新しいディスクを即座に生成します。,Uma raiz da árvore da vida.  {chance}% de chance na perda de disco para gerar um novo disco imediatamente.
ColdIronLantern_N,1.88208E+16,ColdIron Lantern,ColdIron Lantern,Lanterne ColdIron,Linterna ColdIron,冷铁灯笼,Фонарь из холодного железа,コールドアイロンランタン,Lanterna ColdIron
ColdIronLantern_D,1.88208E+16,Repels the supernatural. On disk spawn damage all present enemies for {damage.amount} damage.,Weist das Übernatürliche ab. Beschädigt beim Disk-Spawn alle anwesenden Feinde für{damage.amount} Schaden.,"Repousse le surnaturel. Lors de l'apparition du disque, inflige des dégâts à tous les ennemis présents pour un montant de{damage.amount} dommages.","Repele lo sobrenatural. Al aparecer el disco, daña a todos los enemigos presentes durante{damage.amount} daños.",驱赶超自然现象。在磁盘生成时，对所有存在的敌人造成伤害，为{damage.amount}损害。,Отталкивает сверхъестественное. При спавне диска наносит урон всем присутствующим врагам на{damage.amount} ущерб.,超常現象を撃退する。ディスクスポーン時、存在する全ての敵にダメージを与える。{damage.amount}ダメージを与えることができます。,"Repele o sobrenatural. No spawn do disco, causa dano a todos os inimigos presentes por{damage.amount} danos."
SeedOfDawn_N,1.88358E+16,Seed Of Dawn,Saat der Morgenröte,Graine d'aube,Semilla del alba,黎明的种子,Семя рассвета,Seed Of Dawn,Semente do Amanhecer
SeedOfDawn_D,1.88359E+16,All life starts on the path of the sun. On disk loss all remaining disks shoot out rays of light which deal {damage.amount}.,"Alles Leben beginnt auf dem Weg der Sonne. Bei Scheibenverlust schießen alle verbleibenden Scheiben Lichtstrahlen aus, die die{damage.amount}.","Toute vie commence sur le chemin du soleil. Lors de la perte d'un disque, tous les disques restants émettent des rayons de lumière qui traitent des problèmes de santé.{damage.amount}.","Toda la vida comienza en el camino del sol. Al perderse el disco, todos los discos restantes disparan rayos de luz que tratan{damage.amount}.",所有的生命都是在太阳的道路上开始的。在磁盘丢失时，所有剩余的磁盘都会射出光线，以应对{damage.amount}.,"Вся жизнь начинается на пути солнца. При потере диска все оставшиеся диски испускают лучи света, которые имеют дело с{damage.amount}.",すべての生命は、太陽の道から始まります。ディスクを失うと、残ったディスクは光線を放ちます。{damage.amount}.,"Toda a vida começa no caminho do sol. Na perda do disco, todos os discos remanescentes emitem raios de luz que lidam com{damage.amount}."
ZalsFeather_N,1.88363E+16,Zal's Feather,Zal's Feder,La plume de Zal,Pluma de Zal,扎尔的羽毛,Перо Зала,ザルの羽,Pena de Zal
ZalsFeather_D,1.88364E+16,A token for guidance. On dodge duplicate all disks.,Ein Token zur Orientierung. Bei Ausweichen alle Scheiben duplizieren.,"Un jeton d'orientation. Sur l'esquive, dupliquer tous les disques.",Una ficha de orientación. Al esquivar duplica todos los discos.,一个用于指导的令牌。在躲避时复制所有的盘子。,Жетон для руководства. При уклонении продублируйте все диски.,ガイダンスのためのトークンです。オンダッジは、すべてのディスクを複製します。,"Um token para orientação. Ao se esquivar, duplique todos os discos."
WheelOfGalgallin_N,1.88655E+16,Wheel Of Galgallin,Das Rad von Galgallin,Roue de Galgallin,Rueda de Galgallin,加尔加林之轮,Колесо Галгалина,ホイールオブガルガリン,Roda de Galgallin
WheelOfGalgallin_D,1.88656E+16,A  wheel seen by Ezekiel. On cleanse fire a new disk.,Ein von Hesekiel gesehenes Rad. Auf sauberem Feuer eine neue Scheibe.,"Une roue vue par Ezéchiel. Sur le feu purifié, un nouveau disque.",Una rueda vista por Ezequiel. Sobre fuego limpio un disco nuevo.,以西结看到的一个轮子。在洁净的火上，一个新的圆盘。,"Колесо, увиденное Иезекиилем. На чистом огне новый диск.",エゼキエルが見た車輪。清めの火で新しいディスクを作る。,"Uma roda vista por Ezequiel. No fogo limpo, um novo disco."
FragmentOfLightning_N,1.89995E+16,Fragment Of Lightning,Fragment eines Blitzes,Fragment de foudre,Fragmento de rayo,闪电的碎片,Фрагмент молнии,ライトニングの破片,Fragmento de relâmpago
FragmentOfLightning_D,1.89995E+16,"A fragment of what killed the Titans.  On disk hit strike a random enemy with lightning which deals {damage.amount}, until a disk is lost.","Ein Fragment von dem, was die Titanen getötet hat.  Bei einem Disk-Treffer wird ein zufälliger Gegner von einem Blitz getroffen, der{damage.amount}bis ein Datenträger verloren geht.","Un fragment de ce qui a tué les Titans.  Sur un coup de disque, frappez un ennemi au hasard avec un éclair qui inflige{damage.amount}jusqu'à ce qu'un disque soit perdu.","Un fragmento de lo que mató a los Titanes.  Al golpear el disco, golpea a un enemigo aleatorio con un rayo que inflige{damage.amount}hasta que se pierda un disco.",杀死泰坦的东西的一个碎片。  在盘中用闪电攻击一个随机的敌人，造成{damage.amount}，直到一个磁盘丢失。,"Фрагмент того, что убило Титанов.  При попадании диска поражает случайного врага молнией, которая наносит{damage.amount}пока диск не будет потерян.",ティターンズを殺したものの破片。  ディスクヒット時、ランダムな敵1体に雷を落とす。{damage.amount}ディスクがなくなるまで、です。,"Um fragmento do que matou os Titãs.  Ao acertar o disco, atinge um inimigo aleatório com um raio que causa{damage.amount}até que um disco seja perdido."
TheThirdEye_N,1.89999E+16,The Third Eye,Das dritte Auge,Le troisième œil,El Tercer Ojo,第三只眼,Третий глаз,ザ・サードアイ,O Terceiro Olho
TheThirdEye_D,1.9E+16,It can burn even gods to ashes.  On Enemy Death {chance}% chance to fire a new disk.,"Er kann sogar Götter zu Asche verbrennen.  Über den Tod des Feindes{chance}Prozentuale Chance, eine neue Scheibe abzufeuern.",Il peut réduire les dieux en cendres.  Sur la mort de l'ennemi{chance}% de chances de lancer un nouveau disque.,Puede reducir a cenizas incluso a los dioses.  Sobre la muerte del enemigo{chance}% de probabilidad de disparar un nuevo disco.,它甚至可以将神明烧成灰烬。  关于敌人的死亡{chance}发射一个新磁盘的机会%。,Он может сжечь в пепел даже богов.  О смерти врага{chance}% шанс запустить новый диск.,神々をも灰にすることができる。  敵の死について{chance}新しいディスクを発射するための％チャンス。,Ele pode reduzir até mesmo os deuses a cinzas.  Sobre a morte do inimigo{chance}% de chance de disparar um novo disco.
SealOfSolomon_N,1.90306E+16,Seal Of Solomon,Siegel Salomons,Sceau de Salomon,Sello de Salomón,所罗门之印,Печать Соломона,ソロモンの封印,Selo de Salomão
SealOfSolomon_D,1.90306E+16,"A legendary signet ring, that seals demonic forces. On cleanse trigger an explosion which deals {damage.amount} at all disks.","Ein legendärer Siegelring, der dämonische Kräfte versiegelt. Beim Reinigen löst er eine Explosion aus, die{damage.amount} auf allen Festplatten.","Une chevalière légendaire qui scelle les forces démoniaques. Lors de la purification, elle déclenche une explosion qui inflige{damage.amount} sur tous les disques.","Un anillo de sello legendario que sella las fuerzas demoníacas. Al limpiarlo, desencadena una explosión que inflige{damage.amount} en todos los discos.",一个传奇性的戒指，可以封印恶魔的力量。净化后会引发爆炸，造成{damage.amount}在所有磁盘上。,"Легендарное кольцо, запечатывающее демонические силы. При очищении вызывает взрыв, который наносит{damage.amount} на всех дисках.",悪魔の力を封印する伝説のシグネットリング。浄化されると爆発が起こり、その際に{damage.amount}をすべてのディスクで使用することができます。,"Um anel de sinete lendário, que sela forças demoníacas. Ao ser limpo, desencadeia uma explosão que causa{damage.amount} em todos os discos."
ScrollOfToth_N,1.90685E+16,Scroll Of Toth,Schriftrolle von Toth,Parchemin de Toth,Pergamino de Toth,托斯的卷轴,Свиток Тота,トトの巻,Pergaminho de Toth
ScrollOfToth_D,1.90686E+16,A parchment that holds the secrets to all knowledge.   Spawns a ever present paddle that guards your disks.,"Ein Pergament, das die Geheimnisse allen Wissens enthält.   Bringt ein immer vorhandenes Paddel hervor, das deine Festplatten bewacht.",Un parchemin qui renferme les secrets de toutes les connaissances.   L'apparition d'une palette toujours présente qui protège vos disques.,Un pergamino que guarda los secretos de todo conocimiento.   Engendra una paleta siempre presente que protege tus discos.,一张拥有所有知识秘密的羊皮纸。   生成一个永远存在的桨，守护着你的磁盘。,"Пергамент, хранящий секреты всех знаний.   Порождает вечно присутствующее весло, которое охраняет ваши диски.",あらゆる知識の秘密が詰まった羊皮紙。   ディスクを守る常夏のパドルを産み出す。,Um pergaminho que contém os segredos de todo o conhecimento.   Gera um remo sempre presente que protege seus discos.
InfallibleBow_1N,1.91271E+16,Infallible Bow,Unfehlbare Schleife,Arc infaillible,Lazo infalible,无懈可击的弓,Непогрешимый лук,インファリブルボウ,Arco Infalível
InfallibleBow_1D,1.91273E+16,A Bow gifted by the god of self-discipline armed with infallible arrows. A weapon which shoots heat seaking arrows which deal {damage.amount} damage,"Ein Bogen, der vom Gott der Selbstdisziplin verliehen wurde und mit unfehlbaren Pfeilen bewaffnet ist. Eine Waffe, die hitzeerweichende Pfeile verschießt, die{damage.amount} Schaden","Un arc donné par le dieu de l'autodiscipline, armé de flèches infaillibles. Une arme qui tire des flèches qui s'infiltrent dans la chaleur et qui infligent des blessures.{damage.amount} dommages",Arco dotado por el dios de la autodisciplina y armado con flechas infalibles. Un arma que dispara flechas que desprenden calor e infligen{damage.amount} daños,由自律之神赠送的弓，装备有无懈可击的箭。射出的热能渗入箭中，可造成{damage.amount}损失,"Лук, подаренный богом самодисциплины, вооруженный непогрешимыми стрелами. Оружие, стреляющее стрелами, поглощающими тепло, которые наносят{damage.amount} ущерб",自己鍛錬の神から授かった弓で、無謬の矢を持つ。熱を帯びた矢を放つ武器。{damage.amount}ダメージ,"Um arco presenteado pelo deus da autodisciplina, armado com flechas infalíveis. Uma arma que dispara flechas que absorvem o calor e causam{damage.amount} danos"
SpearOfDestiny_1N,1.91278E+16,Spear Of  Destiny,Speer des Schicksals,La lance du destin,Lanza del destino,命运之矛,Копье Судьбы,Spear Of Destiny（運命の槍,Lança do destino
SpearOfDestiny_1D,1.91282E+16,The holy spear that shared a great sacrifice. A weapon which shoots weaving energy which deal {damage.amount} damage.,"Der heilige Speer, der ein großes Opfer darbrachte. Eine Waffe, die wehende Energie verschießt, die{damage.amount} Schaden.",La lance sacrée qui a partagé un grand sacrifice. Une arme qui projette de l'énergie de tissage qui inflige{damage.amount} dommages.,La lanza sagrada que compartió un gran sacrificio. Un arma que dispara energía tejedora que reparte{damage.amount} daños.,分享伟大牺牲的神圣之矛。一把发射编织能量的武器，它能处理{damage.amount}损害。,"Священное копье, которое разделило великую жертву. Оружие, стреляющее плетущейся энергией, которая наносит{damage.amount} ущерб.",偉大な犠牲を分かち合った聖なる槍。紡ぐようなエネルギーを放つ武器。{damage.amount}ダメージを与えることができます。,A lança sagrada que compartilhou um grande sacrifício. Uma arma que dispara energia de tecelagem que causa{damage.amount} danos.
ArtemisiumSling_1N,1.91285E+16,Artemisium Sling,Artemisium Sling,Artemisium Sling,Eslinga Artemisium,阿特米斯姆吊索,Полынь Артемизиум,アルテミシアムスリング,Funda Artemisium
ArtemisiumSling_1D,1.91285E+16,"A sling that was used to fell giants, and rattle armies. A fast shooting weapon which deals {damage.amount} damage.","Eine Schleuder, die verwendet wurde, um Riesen zu fällen und Armeen zu erschüttern. Eine schnell schießende Waffe, die{damage.amount} Schaden.",Une fronde qui servait à abattre les géants et à ébranler les armées. Une arme de tir rapide qui inflige{damage.amount} dommages.,Una honda que se usaba para derribar gigantes y poner nerviosos a los ejércitos. Un arma de disparo rápido que inflige{damage.amount} daños.,用来击倒巨人和惊动军队的吊索。一种快速射击的武器，可造成{damage.amount}损害。,"Праща, с помощью которой валили великанов и громили армии. Быстро стреляющее оружие, которое наносит{damage.amount} ущерб.",巨人を倒し、軍隊を混乱させるために使われたスリング。を与える速射武器。{damage.amount}ダメージを与えることができます。,Uma funda que era usada para derrubar gigantes e abalar exércitos. Uma arma de tiro rápido que causa{damage.amount} danos.
StaffOfRa_1N,1.945E+16,Staff Of Ra,Stab von Ra,Personnel du Ra,Bastón de Ra,拉的工作人员,Персонал Ра,スタッフ・オブ・ラ,Equipe da Ra
StaffOfRa_1D,1.945E+16,A staff which emits the rays  of the sun. A direct damage weapon which shoots out rays of light which deal {damage.amount} damage.,"Ein Stab, der die Strahlen der Sonne aussendet. Eine Waffe mit direktem Schaden, die Lichtstrahlen ausstößt, die{damage.amount} Schaden.",Un bâton qui émet les rayons du soleil. Une arme à dégâts directs qui émet des rayons de lumière qui infligent des dégâts à l'adversaire.{damage.amount} dommages.,Báculo que emite los rayos del sol. Un arma de daño directo que dispara rayos de luz que infligen{damage.amount} daños.,发出太阳光线的法杖。一种直接伤害的武器，射出的光束可以造成{damage.amount}损害。,"Посох, испускающий лучи солнца. Оружие прямого урона, испускающее лучи света, которые наносят{damage.amount} ущерб.",太陽の光線を放つ杖。光線を発射し、直接ダメージを与える武器。{damage.amount}ダメージを与えることができます。,Um bastão que emite os raios do sol. Uma arma de dano direto que dispara raios de luz que causam{damage.amount} danos.
AbysaalTrishula_1N,1.94503E+16,Abysaal Trishula,Abysaal Trishula,Abysaal Trishula,Abysaal Trishula,阿比莎尔-特里苏拉,Абисаал Тришула,アビサール・トリシュラ,Abysaal Trishula
AbysaalTrishula_1D,1.94504E+16,A trident that severed the new beginnings. A three pronged weapon which shoots which deals {damage.amount} damage.,"Ein Dreizack, der die neuen Anfänge durchtrennt. Eine dreizackige Waffe, die schießt, die austeilt{damage.amount} Schaden.",Un trident qui tranche les nouveaux départs. Une arme à trois branches qui tire qui distribue{damage.amount} dommages.,Un tridente que corta los nuevos comienzos. Un arma de tres puntas que dispara que reparte{damage.amount} daños.,斩断新的开始的三叉戟。一把三棱形的武器，射出的是什么？{damage.amount}损害。,"Трезубец, отсекающий новые начала. Трехзубое оружие, которое стреляет, которое убивает.{damage.amount} ущерб.",新たな始まりを断ち切る三叉路。撃つ、扱う、三又の武器。{damage.amount}ダメージを与えることができます。,Um tridente que cortou os novos começos. Uma arma de três pontas que atira e causa dano{damage.amount} danos.
AnOldCoin_N,2.17283E+16,An Old Coin,Eine alte Münze,Une vieille pièce de monnaie,Una moneda antigua,一枚旧硬币,Старая монета,古いコイン,Uma moeda antiga
AnOldCoin_D,2.17284E+16,Paying a fare not for you.  For every {value} motes you have gain {statDamage}% bonus damage.,"Ein Fahrpreis, der nicht für Sie gilt.  Für jeden{value} motes haben Sie gewinnen{statDamage}% Bonusschaden.",Payer un tarif qui n'est pas pour vous.  Pour chaque{value} motes que vous avez gagnés{statDamage}% de dégâts supplémentaires.,Pagar una tarifa no es para ti.  Por cada{value} motes que has ganado{statDamage}% de daño extra.,支付不适合你的车费。  对于每一个{value}你所获得的摩特{statDamage}%的额外伤害。,"Оплата проезда не для вас.  Для каждого{value} мотивы, которые вы получаете{statDamage}% бонусного урона.",自分のためではない運賃を支払うこと。  すべての人のために{value}持論{statDamage}のボーナスダメージを与える。,Pagar uma tarifa não é para você.  Para cada{value} motes que você ganhou{statDamage}% de bônus de dano.
Feng_N,2.17566E+16,Feng,Feng,Feng,Feng,冯,Фэн,鳳凰,Feng
Feng_D,2.17567E+16,A lump of flesh that constantly regenerates. Heal {playerStats.currentHp} hit point at the end of a round.,"Ein Fleischklumpen, der sich ständig regeneriert. Heilen{playerStats.currentHp} Trefferpunkt am Ende einer Runde.",Un morceau de chair qui se régénère constamment. Guérir{playerStats.currentHp} point de vie à la fin d'un round.,Un trozo de carne que se regenera constantemente. Curar{playerStats.currentHp} punto de golpe al final de un asalto.,一块不断再生的肉体。痊愈{playerStats.currentHp}在一个回合结束时的命中点。,"Комок плоти, который постоянно регенерирует. Исцеление{playerStats.currentHp} хит-пойнт в конце раунда.",常に再生し続ける肉塊。治す{playerStats.currentHp}ラウンド終了時にヒットポイント,Um pedaço de carne que se regenera constantemente. Cura{playerStats.currentHp} ponto de vida no final de uma rodada.
AshenDew_N,2.18705E+16,Ashen Dew,Aschentau,Rosée cendrée,Rocío de ceniza,灰烬的露水,Пепельная роса,アシェン・デュー,Ashen Dew
AshenDew_D,2.18705E+16,Dew that falls from the World Tree.  On bounce {chance}% chance to spawn dew drop upon player hit replenish a cleanse.,"Tau, der vom Weltenbaum fällt.  Beim Aufprall{chance}Prozentuale Chance, Tautropfen zu spawnen, wenn ein Spieler getroffen wird, um eine Reinigung aufzufüllen.",La rosée qui tombe de l'arbre du monde.  Sur le rebond{chance}% de chances de faire apparaître une goutte de rosée lorsque le joueur touche un nettoyeur.,Rocío que cae del Árbol del Mundo.  De rebote{chance}Porcentaje de probabilidad de que aparezca una gota de rocío al golpear el jugador para reponer una limpieza.,从世界树上落下的露水。  关于弹跳{chance}在玩家击中补充清洁时，有%的机会产生露水滴。,"Роса, падающая с Мирового дерева.  При отскоке{chance}% шанс породить каплю росы при попадании игрока для восполнения очищения.",世界樹から降り注ぐ露。  オンバウンス{chance}プレイヤーのヒットで露が落ちる確率が%になり、浄化の補充ができる。,O orvalho que cai da Árvore do Mundo.  No salto{chance}% de chance de gerar gota de orvalho quando o jogador é atingido e reabastecer uma limpeza.
SuryasChakra_N,2.19207E+16,Surya's Chakra,Das Chakra von Surya,Chakra de Surya,Chakra de Surya,苏亚的脉轮,Чакра Сурьи,スーリヤのチャクラ,Chakra de Surya
SuryasChakra_D,2.19208E+16,The solar deity’s pure energy.  On juggle {chance}% chance to drop a chakra when picked cause an explosion at a random enemy which deals {damage.amount} damage.,"Die reine Energie der Sonnengöttin.  Beim Jonglieren{chance}Chance, ein Chakra fallen zu lassen, wenn man es aufhebt, um eine Explosion bei einem zufälligen Gegner zu verursachen, die{damage.amount} Schaden.","L'énergie pure de la divinité solaire.  Sur le jonglage{chance}% de chances de faire tomber un chakra lorsqu'il est cueilli, ce qui provoque une explosion sur un ennemi aléatoire qui inflige{damage.amount} dommages.",La energía pura de la deidad solar.  En malabares{chance}% de probabilidad de soltar un chakra al cogerlo causa una explosión en un enemigo aleatorio que inflige{damage.amount} daños.,太阳神的纯能量。  关于杂耍{chance}当被选中时有%的几率掉落一个查克拉，在一个随机的敌人身上引起爆炸，造成{damage.amount}损害。,"Чистая энергия солнечного божества.  На жонглировании{chance}% шанс выпадения чакры при подборе вызывает взрыв у случайного врага, который наносит{damage.amount} ущерб.",太陽神の純粋なエネルギー。  ジャグリングについて{chance}ランダムな敵に爆発を起こし、その際にチャクラを落とす確率が高い。{damage.amount}ダメージを与えることができます。,"A energia pura da divindade solar.  No malabarismo{chance}% de chance de liberar um chakra quando escolhido, causando uma explosão em um inimigo aleatório que causa{damage.amount} danos."
TritonsConchShell_N,2.19749E+16,Triton's Conch Shell,Tritons Muschelschale,La coquille de conque de Triton,Concha de Tritón,特雷顿的海螺壳,Ракушка Тритона,トリトンの法螺貝,Concha do Tritão
TritonsConchShell_D,2.1975E+16,Triton played to calm or raise the waves. On bounce {chance}% chance to apply a slight upwards force to all disks it hits.,"Triton spielte, um die Wellen zu beruhigen oder zu erhöhen. Aufprall{chance}% Chance, auf alle getroffenen Scheiben eine leichte Aufwärtskraft auszuüben.",Triton jouait à calmer ou à soulever les vagues. Sur le rebond{chance}% de chances d'appliquer une légère force ascendante à tous les disques qu'il touche.,Tritón tocaba para calmar o levantar las olas. Al rebotar{chance}% de probabilidad de aplicar una ligera fuerza hacia arriba a todos los discos que golpea.,特里顿发挥了平息或提高海浪的作用。关于弹跳{chance}有%的几率对其击中的所有磁盘施加一个轻微的向上的力。,"Тритон играл, чтобы успокоить или поднять волны. На отскоке{chance}% шанс применить небольшую восходящую силу ко всем дискам, в которые он попадает.",トリトンは波を静めたり、上げたりするために演奏しました。バウンスについて{chance}確率で、ヒットしたすべてのディスクに、わずかに上向きの力を加える。,Tritão jogado para acalmar ou levantar as ondas. No salto{chance}% de chance de aplicar uma leve força para cima em todos os discos atingidos.
DonarsBelt_N,2.22779E+16,Donar's Belt,Der Gürtel des Donar,Ceinture de Donar,Cinturón de Donar,多纳尔的腰带,Пояс Донара,ドーナーズベルト,Cinturão de Donar
DonarsBelt_D,2.2278E+16,A belt that grants thunder power.  Disk damage is increased by each disk hit by {playerStats.nimbusesDamageBoost} until a disk is lost.,"Ein Gürtel, der die Kraft des Donners verleiht.  Der Scheibenschaden wird mit jeder getroffenen Scheibe um{playerStats.nimbusesDamageBoost} bis ein Datenträger verloren geht.",Une ceinture qui confère le pouvoir du tonnerre.  Les dégâts des disques sont augmentés pour chaque disque touché par{playerStats.nimbusesDamageBoost} jusqu'à ce qu'un disque soit perdu.,Un cinturón que otorga poder de trueno.  El daño del disco aumenta por cada disco golpeado por{playerStats.nimbusesDamageBoost} hasta que se pierda un disco.,一条赋予雷霆之力的腰带。  盘子的伤害每被击中一次，就会增加{playerStats.nimbusesDamageBoost}直到一个磁盘丢失。,"Пояс, дающий силу грома.  Урон, наносимый дисками, увеличивается с каждым ударом диска на{playerStats.nimbusesDamageBoost} пока диск не будет потерян.",雷の力を付与するベルトです。  ディスクのダメージは、ディスクが当たるごとに増加し{playerStats.nimbusesDamageBoost}ディスクが無くなるまで,Um cinturão que concede o poder do trovão.  O dano do disco é aumentado a cada disco atingido por{playerStats.nimbusesDamageBoost} até que um disco seja perdido.
SmasherOfThousands_N,2.66832E+16,Smasher Of Thousands,Zertrümmerer von Tausenden,L'écrasement de milliers de personnes,Aplastador de miles,千人行的粉碎者,Разбиватель тысяч,スマッシャー オブ センチネル,Smasher Of Thousands (destruidor de milhares)
SmasherOfThousands_D,2.66832E+16," A hammer used  to defeat Asag, a monstrous demon."," Ein Hammer, mit dem Asag, ein monströser Dämon, besiegt wurde."," Un marteau utilisé pour vaincre Asag, un démon monstrueux."," Un martillo utilizado para derrotar a Asag, un demonio monstruoso.",一把用来打败阿萨格的锤子，一个畸形的恶魔。," Молот, использованный для победы над Асагом, чудовищным демоном.",怪力魔人アサグを倒すために使われたハンマー。," Um martelo usado para derrotar Asag, um demônio monstruoso."
AxeOfTheGiant_N,2.66986E+16,Axe Of The Giant,Die Axt des Giganten,Hache du géant,Hacha del gigante,巨人之斧,Топор великана,巨人の斧（Axe Of The Giant,Machado do gigante
AxeOfTheGiant_D,2.66987E+16,"An axe used to cleave the world into existance. A slow firing weapon which penetrates enemies, dealing {damage.amount} damage.","Eine Axt, mit der man die Welt in ihre Existenz spaltet. Eine langsam feuernde Waffe, die Feinde durchdringt und{damage.amount} Schaden.",Une hache utilisée pour fendre le monde en existence. Une arme à tir lent qui pénètre les ennemis et leur inflige des dégâts.{damage.amount} dommages.,"Un hacha utilizada para partir el mundo en dos. Un arma de disparo lento que penetra en los enemigos, infligiendo{damage.amount} daños.",一把用来劈开世界的斧头。缓慢发射的武器，可以穿透敌人，造成{damage.amount}损害。,"Топор, используемый для рассечения мира на части. Медленно стреляющее оружие, которое пробивает врагов, нанося{damage.amount} ущерб.",世界を薙ぎ払うために使用する斧。ゆっくりと発射される武器は、敵を貫通し、斧の弾丸のようなダメージを与える。{damage.amount}ダメージを与えることができます。,"Um machado usado para dividir o mundo em existência. Uma arma de disparo lento que penetra nos inimigos, causando{damage.amount} danos."
HalahalaPoison_N,4.65291E+16,Halahala Poison,Halahala-Gift,Halahala Poison,Veneno Halahala,哈拉哈拉毒药,Яд Халахалы,ハラハラポイズン,Veneno de Halahala
HalahalaPoison_D,4.65293E+16,A poison created from the sea when the gods and demons churned it to obtain Amrita.  On damage received loose all <color=#00e4ff>active disks</color>.,"Ein Gift, das aus dem Meer entstand, als die Götter und Dämonen es aufgewühlt haben, um Amrita zu gewinnen.  Bei Schaden verlieren alle <color=#00e4ff>aktiven Scheiben</color>.","Un poison créé à partir de la mer lorsque les dieux et les démons l'ont barattée pour obtenir l'Amrita.  Sur les dommages reçus, perdre tous les <color=#00e4ff>disques actifs</color>.","Veneno creado a partir del mar cuando los dioses y los demonios lo agitaron para obtener Amrita.  Al recibir daño, suelta todos los <color=#00e4ff>discos activos</color>.",当众神和恶魔为了获得阿姆瑞塔而搅动大海时，从海中产生的一种毒药。  在受到伤害时，松开所有<color=#00e4ff>活动磁盘</color>。,"Яд, созданный из моря, когда боги и демоны взбалтывали его, чтобы получить Амриту.  При получении урона ослабьте все <color=#00e4ff>активные диски</color>.",神々と悪魔がアムリタを得るために海をかき混ぜたときにできた毒である。  ダメージを受けると、すべての<color=#00e4ff>アクティブディスク</color>を開放する。,"Um veneno criado a partir do mar quando os deuses e demônios o agitaram para obter Amrita.  Ao receber dano, solte todos os <color=#00e4ff>discos ativos</color>."
TeaOfForgetfulness_N,4.65412E+16,Tea of Forgetfulness,Tee des Vergessens,Thé de l'oubli,Té del olvido,遗忘之茶,Чай забывчивости,忘却のお茶,Chá do esquecimento
TeaOfForgetfulness_D,4.65413E+16,Given to each lost soul this brew induces instant and permanent amnesia.  On  <color=#00e4ff>disk loss</color> lose 1 cleanse.,"Dieses Gebräu, das jeder verlorenen Seele verabreicht wird, bewirkt eine sofortige und dauerhafte Amnesie.  Bei <color=#00e4ff>Diskettenverlust</color> verliert man 1 Reinigung.",Ce breuvage est donné à chaque âme perdue et induit une amnésie instantanée et permanente.  En cas de <color=#00e4ff>perte de disque</color> perdre 1 nettoyage.,Dado a cada alma perdida este brebaje induce amnesia instantánea y permanente.  En <color=#00e4ff>pérdida de disco</color> pierde 1 limpieza.,给予每个失落的灵魂，这种药水会诱发即时和永久的失忆症。  在<color=#00e4ff>磁盘丢失时</color>失去1个清洁。,"Это варево, данное каждой потерянной душе, вызывает мгновенную и постоянную амнезию.  При <color=#00e4ff>потере диска</color> теряется 1 очищение.",失われた魂にこの酒を与えると、即座に永久記憶喪失になる。  <color=#00e4ff>ディスク喪失</color>の場合、浄化を1つ失う。,"Dada a cada alma perdida, essa poção induz à amnésia instantânea e permanente.  Na <color=#00e4ff>perda de disco</color>, perde-se 1 limpeza."
FruitOfAdonis_N,4.65468E+16,Fruit of Adonis,Die Frucht des Adonis,Le fruit d'Adonis,Fruto de Adonis,阿多尼斯之果,Плод Адониса,アドニスの果実,Fruto de Adônis
FruitOfAdonis_D,4.65468E+16,Fruit of the Dead.  On <color=#00e4ff>disk loss</color> reduce luck by {playerStats.luck} for {duration} seconds.,Fruit of the Dead.  Bei <color=#00e4ff>Festplattenverlust</color> das Glück um{playerStats.luck} für{duration} Sekunden.,Fruit of the Dead.  Sur <color=#00e4ff>la perte de disque</color> réduire la chance de{playerStats.luck} pour{duration} secondes.,Fruto de los muertos.  En <color=#00e4ff>pérdida de disco</color> reduce la suerte en{playerStats.luck} para{duration} segundos.,亡灵之果。  在<color=#00e4ff>磁盘丢失</color>时，将运气降低到{playerStats.luck}为{duration}秒。,Плод мертвых.  При <color=#00e4ff>потере диска</color> уменьшите удачу на{playerStats.luck} для{duration} секунды.,フルーツオブザデッド  オン<color=#00e4ff>ディスクロス</color>で運を下げる。{playerStats.luck}にとって{duration}の秒数です。,"Fruta dos Mortos.  Em <color=#00e4ff>perda de disco</color>, reduza a sorte em{playerStats.luck} para{duration} segundos."
RingOfPrometheus_N,4.65514E+16,Ring of Prometheus,Ring des Prometheus,Anneau de Prométhée,Anillo de Prometeo,普罗米修斯之环,Кольцо Прометея,プロメテウスの指輪,Anel de Prometeu
RingOfPrometheus_D,4.65515E+16,The weight of the world on a ring.   Disk gravity is increased by {basePlayerStats.nibusGravity} permanently.,Das Gewicht der Welt auf einem Ring.   Die Schwerkraft der Scheibe wird erhöht durch{basePlayerStats.nibusGravity} permanent.,Le poids du monde sur un anneau.   La gravité du disque est augmentée de{basePlayerStats.nibusGravity} en permanence.,El peso del mundo sobre un anillo.   La gravedad del disco aumenta{basePlayerStats.nibusGravity} permanentemente.,世界在一个环上的重量。   圆盘重力的增加是由{basePlayerStats.nibusGravity}永久地。,Вес мира на кольце.   Гравитация диска увеличивается на{basePlayerStats.nibusGravity} постоянно.,リングにかかる世界の重さ。   ディスクの重力は、以下のように増加します。{basePlayerStats.nibusGravity}を恒久的に使用する。,O peso do mundo em um anel.   A gravidade do disco é aumentada em{basePlayerStats.nibusGravity} permanentemente.
EdensApple_N,4.65628E+16,Eden's Apple,Edener Apfel,La pomme d'Eden,Manzana del Edén,伊甸园的苹果,Яблоко Эдема,エデンのりんご,Maçã do Éden
EdensApple_D,4.6563E+16,"Temptation beyond all measure. On disk loss, if no other active disks exist take 1 damage.","Die Versuchung ist unermesslich. Bei Verlust einer Platte, wenn keine anderen aktiven Platten vorhanden sind, 1 Schaden nehmen.","Tentation sans commune mesure. En cas de perte d'un disque, s'il n'y a pas d'autres disques actifs, subissez 1 dégât.","Tentación sin medida. Al perder un disco, si no hay otros discos activos, recibe 1 de daño.",诱惑是无法衡量的。在磁盘丢失时，如果没有其他活动的磁盘存在，则受到1次伤害。,"Искушение сверх всякой меры. При потере диска, если нет других активных дисков, наносится 1 урон.",あらゆる手段で誘惑する。ディスク喪失時、他にアクティブなディスクが存在しない場合、1ダメージを受ける。,"Tentação além de qualquer medida. Na perda do disco, se não houver outros discos ativos, sofrerá 1 de dano."
Kapala_N,4.68958E+16,Kapala,Kapala,Kapala,Kapala,卡帕拉,Капала,カパラ,Kapala
Kapala_D,4.68958E+16,A Skull cup used as a ritual implement.  Passive increase of {basePlayerStats.nimbusesDamageBoost} disk damage.,"Eine Schädelschale, die als rituelles Werkzeug verwendet wird.  Passive Erhöhung von{basePlayerStats.nimbusesDamageBoost} Bandscheibenschäden.",Une coupe de crâne utilisée comme outil rituel.  Augmentation passive de{basePlayerStats.nimbusesDamageBoost} endommagement du disque.,Copa de calavera utilizada como utensilio ritual.  Aumento pasivo de{basePlayerStats.nimbusesDamageBoost} daños en el disco.,骷髅头杯，用作祭祀工具。  被动增加{basePlayerStats.nimbusesDamageBoost}磁盘损坏。,"Чаша из черепа, используемая в качестве ритуального орудия.  Пассивное увеличение{basePlayerStats.nimbusesDamageBoost} повреждение диска.",祭具として使用されるスカルカップ。  パッシブで増加する{basePlayerStats.nimbusesDamageBoost}ディスクの損傷。,Uma taça de crânio usada como implemento ritual.  Aumento passivo de{basePlayerStats.nimbusesDamageBoost} danos ao disco.
LockOfHair_N,4.69334E+16,Lock of Hair,Haarlocke,La mèche de cheveux,Mechón de pelo,头发的锁,Локон волос,ロック・オブ・ヘア,Mechas de cabelo
LockOfHair_D,4.69335E+16,"One of the seven braids of hair that gifted unbelievable strength.  Passive increase of {basePlayerStats.nimbusesDamageBoost} disk damage, {basePlayerStats.critChance} critical chance, and {baseDamage}% damage boost.","Einer der sieben Haarsträhnen, die unglaubliche Kraft verleihen.  Passive Erhöhung der{basePlayerStats.nimbusesDamageBoost} Bandscheibenschäden,{basePlayerStats.critChance} kritische Chance, und{baseDamage}Schadenserhöhung in %.","L'une des sept tresses de cheveux qui confère une force incroyable.  Augmentation passive de{basePlayerStats.nimbusesDamageBoost} endommagement du disque,{basePlayerStats.critChance} la chance critique, et{baseDamage}Augmentation des dégâts en %.","Una de las siete trenzas de pelo que dotan de una fuerza increíble.  Aumento pasivo de{basePlayerStats.nimbusesDamageBoost} daños en el disco,{basePlayerStats.critChance} oportunidad crítica, y{baseDamage}% de aumento de daño.",七条辫子中的一条，赠予了不可思议的力量。  被动增加的{basePlayerStats.nimbusesDamageBoost}磁盘损坏、{basePlayerStats.critChance}关键的机会，以及{baseDamage}伤害提升%。,"Одна из семи косичек волос, дарующая невероятную силу.  Пассивное увеличение{basePlayerStats.nimbusesDamageBoost} повреждение диска,{basePlayerStats.critChance} критический шанс, и{baseDamage}Увеличение урона на %.",驚異的な強さを授ける7本の三つ編みの髪のうちの1本。  パッシブアップの{basePlayerStats.nimbusesDamageBoost}ディスクの損傷、{basePlayerStats.critChance}クリティカルチャンス、そして{baseDamage}ダメージが%アップする。,"Uma das sete tranças de cabelo que proporcionam uma força inacreditável.  Aumento passivo de{basePlayerStats.nimbusesDamageBoost} danos ao disco,{basePlayerStats.critChance} chance crítica, e{baseDamage}% de aumento de dano."
